[{"code":"","src":"https://http2.mlstatic.com/frontend-assets/mshops-web-widgets/v2.3.2/cookie-disclaimer.js","priority":10,"key":"widget-0"},{"code":"","src":"https://http2.mlstatic.com/frontend-assets/mshops-web-widgets/v2.3.2/menu-fashion.js","priority":10,"key":"widget-1"},{"code":"","src":"https://http2.mlstatic.com/frontend-assets/mshops-web-widgets/v2.3.2/search-fashion.js","priority":10,"key":"widget-2"},{"code":"","src":"https://http2.mlstatic.com/frontend-assets/mshops-web-widgets/v2.3.2/on-scroll-header.js","priority":10,"key":"widget-3"},{"code":"","src":"https://http2.mlstatic.com/frontend-assets/mshops-web-widgets/v2.3.2/cart-badge.js","priority":10,"key":"widget-4"}]